AM2;ASWSNA20107 (43351481D75CFB7D-c0a800a8.1);10.150.8.120;XX000447
HD2;ASWSNA20106 (42A118F10E3EA6B1-0ae653eb.2);10.230.83.235;XS046480
MD2;ASWSNA20106 (42A118F10E3EA6B1-0ae653eb.2);10.230.83.235;XS046480
SXT;ASWSNA20160 (42B11864F17EC809-0a96088a.8);10.150.8.138;XS189637
HD2-FS1KT1;ASWELC01154 (42D414BF647381B4-0ae6240c.1);10.230.36.12;XS034204
SXT;ASWELC01154 (42D414BF647381B4-0ae6240c.1);10.230.36.12;XS034204
HD2-FS1KT1;ASWELC01154 (42D414BF647381B4-0ae6240c.1);10.230.36.12;XS034204
SXT;ASWELC01154 (42D414BF647381B4-0ae6240c.1);10.230.36.12;XS034204
HD2-FS1KT1;ASWELC01154 (42D414BF647381B4-0ae6240c.1);10.230.36.12;XS034204
SXT;ASWELC01154 (42D414BF647381B4-0ae6240c.1);10.230.36.12;XS034204
HD2;ASWSNA20106 (428D18D09042518D-0a000035.1);10.150.8.61;XS046480
MD2;ASWSNA20106 (428D18D09042518D-0a000035.1);10.150.8.61;XS046480
HD2;ASWSNA20106 (428D18D09042518D-0a000035.1);10.150.8.61;XS046480
MD2;ASWSNA20106 (428D18D09042518D-0a000035.1);10.150.8.61;XS046480
AM2;ASWSNA20107 (43351481D75CFB7D-c0a800a8.1);10.150.8.67;XX000447
AM2;ASWSNA20107 (43351481D75CFB7D-c0a800a8.1);10.150.8.67;XX000447
AM2;ASWSNA20107 (43351481D75CFB7D-c0a800a8.1);10.150.8.67;XX000447
HD2-FS1KT1;ASWELC01154 (42D414BF647381B4-0ae6240c.1);10.230.36.12;XS034204
SXT;ASWELC01154 (42D414BF647381B4-0ae6240c.1);10.230.36.12;XS034204
AM2;ASWSNA20107 (43351481D75CFB7D-c0a800a8.1);10.150.8.148;XX000447
