SXT;ASWSNA20160 (42B11864F17EC809-0a96088b.17);10.150.8.139;XS189637
SXT;ASWSNA20160 (42B11864F17EC809-0a9608ab.21);10.150.8.171;XS189637
MD2;ASWSNA20146 (41D6107B258D4B59-0a96085e.1);10.150.8.94;XS130002
MD2;ASWSNA20146 (41D6107B258D4B59-0a96085e.1);10.150.8.94;XS130002
HD2;ASWSNA20162 (41911814287DBE0D-0a960852.1);10.150.8.82;XX001830
SXT;ASWSNA20160 (42B11864F17EC809-0a960840.24);10.150.8.64;XS189637
HD2;ASWSNA20162 (41911814287DBE0D-0a960895.1);10.150.8.149;XX001830
HD2;ASWSNA20162 (41911814287DBE0D-0a960895.1);10.150.8.149;XX001830
HD2;ASWSNA20162 (41911814287DBE0D-0a960895.1);10.150.8.149;XX001830
HD2;ASWSNA20162 (41911814287DBE0D-0a960895.1);10.150.8.126;XX001830
AM2;ASWSNA20107 (43351481D75CFB7D-c0a800a8.1);10.150.8.130;XX000447
SXT;ASWSNA20160 (42B11864F17EC809-0a960866.1);10.150.8.102;XS189637
HD2;ASWSNA20162 (41911814287DBE0D-0a960895.1);10.150.8.73;XX001830
MD2;ASWSNA20145 (423B107B258D49C0-0a960879.6);10.150.8.121;XS130005
HD2;ASWSNA20162 (41911814287DBE0D-0a960895.1);10.150.8.73;XX001830
HD2-FS1KT1;ASWELC01154 (42D414BF647381B4-0ae6240c.1);10.230.36.12;XS034204
SXT;ASWELC01154 (42D414BF647381B4-0ae6240c.1);10.230.36.12;XS034204
HD2-FS1KT1;ASWELC01154 (42D414BF647381B4-0ae6240c.1);10.230.36.12;XS034204
SXT;ASWELC01154 (42D414BF647381B4-0ae6240c.1);10.230.36.12;XS034204
MD2;ASWSNA20145 (423B107B258D49C0-0a960845.7);10.150.8.69;XS130005
HD2;ASWSNA20162 (41911814287DBE0D-0a960895.1);10.150.8.177;XX001830
HD2;ASWSNA20162 (42CD108D6E0FF1CD-0a960895.1);10.150.8.177;XX001830
HD2;ASWSNA20162 (41911814287DBE0D-0a960895.1);10.150.8.177;XX001830
HD2;ASWSNA20145 (423B107B258D49C0-0a96086a.1);10.150.8.106;XS130005
AM2;ASWSNA20107 (43351481D75CFB7D-c0a800a8.1);10.150.8.120;XX000447
HD2;ASWSNA20106 (42A118F10E3EA6B1-0ae653eb.2);10.230.83.235;XS046480
MD2;ASWSNA20106 (42A118F10E3EA6B1-0ae653eb.2);10.230.83.235;XS046480
SXT;ASWSNA20160 (42B11864F17EC809-0a96088a.8);10.150.8.138;XS189637
HD2-FS1KT1;ASWELC01154 (42D414BF647381B4-0ae6240c.1);10.230.36.12;XS034204
SXT;ASWELC01154 (42D414BF647381B4-0ae6240c.1);10.230.36.12;XS034204
HD2-FS1KT1;ASWELC01154 (42D414BF647381B4-0ae6240c.1);10.230.36.12;XS034204
SXT;ASWELC01154 (42D414BF647381B4-0ae6240c.1);10.230.36.12;XS034204
HD2-FS1KT1;ASWELC01154 (42D414BF647381B4-0ae6240c.1);10.230.36.12;XS034204
SXT;ASWELC01154 (42D414BF647381B4-0ae6240c.1);10.230.36.12;XS034204
HD2;ASWSNA20106 (428D18D09042518D-0a000035.1);10.150.8.61;XS046480
MD2;ASWSNA20106 (428D18D09042518D-0a000035.1);10.150.8.61;XS046480
HD2;ASWSNA20106 (428D18D09042518D-0a000035.1);10.150.8.61;XS046480
MD2;ASWSNA20106 (428D18D09042518D-0a000035.1);10.150.8.61;XS046480
AM2;ASWSNA20107 (43351481D75CFB7D-c0a800a8.1);10.150.8.67;XX000447
AM2;ASWSNA20107 (43351481D75CFB7D-c0a800a8.1);10.150.8.67;XX000447
AM2;ASWSNA20107 (43351481D75CFB7D-c0a800a8.1);10.150.8.67;XX000447
HD2-FS1KT1;ASWELC01154 (42D414BF647381B4-0ae6240c.1);10.230.36.12;XS034204
SXT;ASWELC01154 (42D414BF647381B4-0ae6240c.1);10.230.36.12;XS034204
AM2;ASWSNA20107 (43351481D75CFB7D-c0a800a8.1);10.150.8.148;XX000447
AM2;ASWELC21657 (427D108D6E5A2AF9-0a96004c.1);10.150.0.76;XS174083
HD2;ASWELC21657 (427D108D6E5A2AF9-0a96004c.1);10.150.0.76;XS174083
HD2-FS1KT1;ASWELC21657 (427D108D6E5A2AF9-0a96004c.1);10.150.0.76;XS174083
MD2;ASWELC21657 (427D108D6E5A2AF9-0a96004c.1);10.150.0.76;XS174083
FTA;ASWELC21657 (427D108D6E5A2AF9-0a96004c.1);10.150.0.76;XS174083
SXT;ASWELC21657 (427D108D6E5A2AF9-0a96004c.1);10.150.0.76;XS174083
AM2;ASWSNA20107 (43351481D75CFB7D-c0a800a8.1);10.150.8.52;XX000447
HD2;ASWSNA20145 (423B107B258D49C0-0a960853.4);10.150.8.83;XS130005
HD2;ASWSNA20162 (41911814287DBE0D-0a9608af.1);10.150.8.175;XX001830
HD2;ASWSNA20162 (41911814287DBE0D-0a9608af.1);10.150.8.175;XX001830
HD2;ASWSNA20162 (41911814287DBE0D-0a9608af.1);10.150.8.175;XX001830
HD2;ASWSNA20162 (41911814287DBE0D-0a9608af.1);10.150.8.175;XX001830
HD2;ASWSNA20162 (41911814287DBE0D-0a9608af.1);10.150.8.175;XX001830
FTA;ASWSNA20162 (41911814287DBE0D-0a9608af.1);10.150.8.175;XX001830
HD2;ASWSNA20162 (41911814287DBE0D-0a9608af.1);10.150.8.175;XX001830
HD2-FS1KT1;ASWPRE31502 (427C14E6D7602F27-0ae67b36.1);10.230.123.54;XSA192702
MD2;ASWPRE31502 (427C14E6D7602F27-0ae67b36.1);10.230.123.54;XSA192702
FTA;ASWPRE31502 (427C14E6D7602F27-0ae67b36.1);10.230.123.54;XSA192702
SXT;ASWPRE31502 (427C14E6D7602F27-0ae67b36.1);10.230.123.54;XSA192702
HD2-FS1KT1;ASWPRE31502 (427C14E6D7602F27-0ae67b36.1);10.230.123.54;XSA192702
MD2;ASWPRE31502 (427C14E6D7602F27-0ae67b36.1);10.230.123.54;XSA192702
FTA;ASWPRE31502 (427C14E6D7602F27-0ae67b36.1);10.230.123.54;XSA192702
SXT;ASWPRE31502 (427C14E6D7602F27-0ae67b36.1);10.230.123.54;XSA192702
HD2-FS1KT1;ASWPRE31502 (427C14E6D7602F27-0ae67b36.1);10.230.123.54;XSA192702
MD2;ASWPRE31502 (427C14E6D7602F27-0ae67b36.1);10.230.123.54;XSA192702
FTA;ASWPRE31502 (427C14E6D7602F27-0ae67b36.1);10.230.123.54;XSA192702
SXT;ASWPRE31502 (427C14E6D7602F27-0ae67b36.1);10.230.123.54;XSA192702
MD2;ASWPRE31502 (427C14E6D7602F27-0ae67b36.1);10.230.123.54;XSA192702
FTA;ASWPRE31502 (427C14E6D7602F27-0ae67b36.1);10.230.123.54;XSA192702
SXT;ASWPRE31502 (427C14E6D7602F27-0ae67b36.1);10.230.123.54;XSA192702
MD2;ASWPRE31502 (427C14E6D7602F27-0ae67b36.1);10.230.123.54;XSA192702
FTA;ASWPRE31502 (427C14E6D7602F27-0ae67b36.1);10.230.123.54;XSA192702
SXT;ASWPRE31502 (427C14E6D7602F27-0ae67b36.1);10.230.123.54;XSA192702
HD2;ASWSNA20162 (41911814287DBE0D-0a9608af.1);10.150.8.156;XX001830
HD2;ASWSNA20162 (41911814287DBE0D-0a9608af.1);10.150.8.156;XX001830
HD2;ASWSNA20145 (423B107B258D49C0-0a96085a.6);10.150.8.90;XS130005
HD2;ASWSNA20145 (423B107B258D49C0-0a96085a.6);10.150.8.90;XS130005
AM2;ASWSNA20107 (43351481D75CFB7D-c0a800a8.1);10.150.8.191;XX000447
MD2;ASWSNA20107 (43351481D75CFB7D-c0a800a8.1);10.150.8.191;XX000447
AM2;ASWSNA20107 (43351481D75CFB7D-c0a800a8.1);10.150.8.191;XX000447
MD2;ASWSNA20107 (43351481D75CFB7D-c0a800a8.1);10.150.8.191;XX000447
HD2;ASWSNA20162 (41911814287DBE0D-0a9608af.1);10.150.8.165;XX001830
HD2;ASWSNA20162 (41911814287DBE0D-0a9608af.1);10.150.8.158;XX001830
AM2;ASWPRE31502 (427C14E6D7602F27-0ae67b36.1);10.230.123.54;XS035025
AM2;ASWPRE31502 (427C14E6D7602F27-0ae67b36.1);10.230.123.54;XS035025
HD2;ASWSNA20145 (423B107B258D49C0-0a9608d0.9);10.150.8.208;XS130005
AM2;ASWSNA20107 (43351481D75CFB7D-c0a800a8.1);10.150.8.180;XX000447
MD2;ASWSNA20107 (43351481D75CFB7D-c0a800a8.1);10.150.8.180;XX000447
AM2;ASWSNA20107 (43351481D75CFB7D-c0a800a8.1);10.150.8.180;XX000447
MD2;ASWSNA20107 (43351481D75CFB7D-c0a800a8.1);10.150.8.180;XX000447
AM2;ASWSNA20107 (43351481D75CFB7D-c0a800a8.1);10.150.8.114;XX000447
MD2;ASWSNA20107 (43351481D75CFB7D-c0a800a8.1);10.150.8.114;XX000447
AM2;ASWSNA20107 (43351481D75CFB7D-c0a800a8.1);10.150.8.187;XX000447
MD2;ASWSNA20107 (43351481D75CFB7D-c0a800a8.1);10.150.8.187;XX000447
AM2;ASWSNA20107 (43351481D75CFB7D-c0a800a8.1);10.150.8.174;XX000447
MD2;ASWSNA20107 (43351481D75CFB7D-c0a800a8.1);10.150.8.174;XX000447
HD2;ASWSNA20162 (41911814287DBE0D-0a9608af.1);10.150.8.137;XX001830
HD2;ASWSNA20145 (423B107B258D49C0-0a9608b4.2);10.150.8.180;XS130005
HD2;ASWSNA20162 (41911814287DBE0D-0a9608af.1);10.150.8.106;XX001830
HD2;ASWSNA20145 (423B107B258D49C0-0a96083b.3);10.150.8.59;XS130005
HD2;ASWSNA20162 (41911814287DBE0D-0a9608af.1);10.150.8.196;XX001830
HD2;ASWSNA20162 (41911814287DBE0D-0a9608af.1);10.150.8.145;XX001830
HD2;ASWSNA20145 (423B107B258D49C0-0a960850.4);10.150.8.80;XS130005
HD2;ASWSNA20162 (41911814287DBE0D-0a9608af.1);10.150.8.106;XX001830
HD2;ASWSNA20145 (423B107B258D49C0-0a960875.5);10.150.8.117;XS130005
MD2;ASWSNA20107 (43351481D75CFB7D-c0a800a8.1);10.150.0.204;XX000447
HD2;ASWSNA20145 (423B107B258D49C0-0a96082b.4);10.150.8.43;XS130005
HD2;ASWSNA20145 (423B107B258D49C0-0a96084a.5);10.150.8.74;XS130005
AM2;ASWELC01154 (42D414BF647381B4-0ae6240c.1);10.230.36.12;XS034204
HD2;ASWELC01154 (42D414BF647381B4-0ae6240c.1);10.230.36.12;XS034204
HD2-FS1KT1;ASWELC01154 (42D414BF647381B4-0ae6240c.1);10.230.36.12;XS034204
MD2;ASWELC01154 (42D414BF647381B4-0ae6240c.1);10.230.36.12;XS034204
FTA;ASWELC01154 (42D414BF647381B4-0ae6240c.1);10.230.36.12;XS034204
SXT;ASWELC01154 (42D414BF647381B4-0ae6240c.1);10.230.36.12;XS034204
HD2;ASWSNA20145 (423B107B258D49C0-0a960831.6);10.150.8.49;XS130005
AM2;ASWSNA20164 (425C108E79D91B5C-0a96080a.2);10.150.8.10;XS190516
MD2;ASWSNA20164 (425C108E79D91B5C-0a96080a.2);10.150.8.10;XS190516
FTA;ASWSNA20164 (425C108E79D91B5C-0a96080a.2);10.150.8.10;XS190516
AM2;ASWSNA20164 (425C108E79D91B5C-0a96080a.2);10.150.8.10;XS190516
MD2;ASWSNA20164 (425C108E79D91B5C-0a96080a.2);10.150.8.10;XS190516
FTA;ASWSNA20164 (425C108E79D91B5C-0a96080a.2);10.150.8.10;XS190516
HD2-FS1KT1;ASWELC01154 (42D414BF647381B4-0ae6240c.1);10.230.36.12;XS034204
SXT;ASWELC01154 (42D414BF647381B4-0ae6240c.1);10.230.36.12;XS034204
HD2-FS1KT1;ASWELC01154 (42D414BF647381B4-0ae6240c.1);10.230.36.12;XS034204
SXT;ASWELC01154 (42D414BF647381B4-0ae6240c.1);10.230.36.12;XS034204
AM2;ASWSNA20164 (425C108E79D91B5C-0a96080a.2);10.150.8.10;XS190516
HD2;ASWSNA20164 (425C108E79D91B5C-0a96080a.2);10.150.8.10;XS190516
MD2;ASWSNA20164 (425C108E79D91B5C-0a96080a.2);10.150.8.10;XS190516
FTA;ASWSNA20164 (425C108E79D91B5C-0a96080a.2);10.150.8.10;XS190516
HD2-FS1KT1;ASWELC01154 (42D414BF647381B4-0ae6240c.1);10.230.36.12;XS034204
SXT;ASWELC01154 (42D414BF647381B4-0ae6240c.1);10.230.36.12;XS034204
HD2;ASWSNA20145 (423B107B258D49C0-0a96082f.7);10.150.8.47;XS130005
HD2-FS1KT1;ASWELC01154 (42D414BF647381B4-0ae6240c.1);10.230.36.12;XS034204
SXT;ASWELC01154 (42D414BF647381B4-0ae6240c.1);10.230.36.12;XS034204
AM2;ASWSNA20164 (425C108E79D91B5C-0a96084b.1);10.150.8.75;XS190516
HD2;ASWSNA20164 (425C108E79D91B5C-0a96084b.1);10.150.8.75;XS190516
MD2;ASWSNA20164 (425C108E79D91B5C-0a96084b.1);10.150.8.75;XS190516
FTA;ASWSNA20164 (425C108E79D91B5C-0a96084b.1);10.150.8.75;XS190516
MD2;ASWSNA20107 (43351481D75CFB7D-c0a800a8.1);10.150.8.48;XX000447
HD2;ASWSNA20145 (423B107B258D49C0-0a96082f.17);10.150.8.47;XS130005
HD2;ASWSNA20145 (423B107B258D49C0-0a960879.4);10.150.8.121;XS130005
HD2;ASWSNA20145 (423B107B258D49C0-0a960826.14);10.150.8.38;XS130005
HD2;ASWSNA20145 (423B107B258D49C0-0a960850.15);10.150.8.80;XS130005
HD2;ASWSNA20145 (423B107B258D49C0-0a96086f.16);10.150.8.111;XS130005
HD2;ASWSNA20106 (42A118F10E3EA6B1-0a00002e.1);10.150.8.98;XS046480
MD2;ASWSNA20106 (42A118F10E3EA6B1-0a00002e.1);10.150.8.98;XS046480
HD2;ASWSNA20145 (423B107B258D49C0-0a960875.5);10.150.8.117;XS130005
HD2-FS1KT1;ASWSNA20080 (41E714B97A085251-c0a83208.1);10.150.8.85;XS185631
AM2;ASWSNA20107 (43351481D75CFB7D-c0a800a8.1);10.150.8.158;XX000447
MD2;ASWSNA20107 (43351481D75CFB7D-c0a800a8.1);10.150.8.158;XX000447
AM2;ASWSNA20107 (43351481D75CFB7D-c0a800a8.1);10.150.8.147;XX000447
MD2;ASWSNA20107 (43351481D75CFB7D-c0a800a8.1);10.150.8.147;XX000447
HD2-FS1KT1;ASWSNA20080 (41E714B97A085251-c0a83208.1);10.150.8.194;XS185631
HD2;ASWSNA20145 (423B107B258D49C0-0a9608cc.6);10.150.8.204;XS130005
HD2-FS1KT1;ASWSNA20080 (41E714B97A085251-c0a83208.1);10.150.8.141;XS185631
HD2;ASWSNA20162 (41911814287DBE0D-0a9608c6.1);10.150.8.198;XX001830
HD2-FS1KT1;ASWSNA20080 (41E714B97A085251-c0a83208.1);10.150.8.195;XS185631
HD2;ASWSNA20162 (41911814287DBE0D-0a9608c6.1);10.150.8.115;XX001830
HD2-FS1KT1;ASWSNA20080 (41E714B97A085251-c0a83208.1);10.150.8.70;XS185631
AM2;ASWSNA12079 (41791866DA161402-0ae63f85.1);10.230.63.133;XX000689
SXT;ASWSNA12079 (41791866DA161402-0ae63f85.1);10.230.63.133;XX000689
HD2;ASWSNA20106 (428D18D09042518D-0a000035.1);10.150.8.178;XS046480
MD2;ASWSNA20106 (428D18D09042518D-0a000035.1);10.150.8.178;XS046480
HD2;ASWSNA20162 (41911814287DBE0D-0a9608c6.1);10.150.8.115;XX001830
HD2;ASWSNA20106 (428D18D09042518D-0a000035.1);10.150.8.104;XS046480
MD2;ASWSNA20106 (428D18D09042518D-0a000035.1);10.150.8.104;XS046480
HD2;ASWSNA20162 (41911814287DBE0D-0a9608c6.1);10.150.8.122;XX001830
HD2;ASWSNA20162 (41911814287DBE0D-0a9608c6.1);10.150.8.122;XX001830
AM2;ASWPRE31502 (427C14E6D7602F27-c0a80084.1);10.150.1.1;XS035025
HD2;ASWSNA20145 (423B107B258D49C0-0a960847.7);10.150.8.71;XS130005
AM2;ASWPRE31502 (427C14E6D7602F27-c0a80084.1);10.150.0.126;XS035025
HD2;ASWSNA20162 (41911814287DBE0D-0a9608c6.1);10.150.8.109;XX001830
HD2;ASWSNA20162 (41911814287DBE0D-0a9608c6.1);10.150.8.109;XX001830
HD2;ASWSNA20162 (41911814287DBE0D-0a9608c6.1);10.150.8.52;XX001830
HD2;ASWSNA20162 (41911814287DBE0D-0a9608c6.1);10.150.8.52;XX001830
HD2;ASWSNA20162 (41911814287DBE0D-0a9608c6.1);10.150.8.188;XX001830
HD2;ASWSNA20162 (41911814287DBE0D-0a9608c6.1);10.150.8.188;XX001830
HD2;ASWSNA20145 (423B107B258D49C0-0a960892.8);10.150.8.146;XS130005
AM2;ASWSNA20107 (43351481D75CFB7D-c0a800a8.1);10.150.8.85;XX000447
MD2;ASWSNA20107 (43351481D75CFB7D-c0a800a8.1);10.150.8.85;XX000447
HD2;ASWSNA20145 (423B107B258D49C0-0a960892.8);10.150.8.146;XS130005
HD2-FS1KT1;ASWSNA20080 (41E714B97A085251-c0a83208.1);10.150.8.108;XS185631
HD2;ASWSNA20162 (41911814287DBE0D-0a9608c6.1);10.150.8.210;XX001830
HD2;ASWSNA20162 (41911814287DBE0D-0a9608c6.1);10.150.8.210;XX001830
HD2;ASWSNA20145 (423B107B258D49C0-0a96085f.2);10.150.8.95;XS130005
HD2-FS1KT1;ASWSNA20080 (41E714B97A085251-c0a83208.1);10.150.8.144;XS185631
HD2-FS1KT1;ASWSNA20080 (41E714B97A085251-c0a83208.1);10.150.8.93;XS185631
HD2;ASWSNA20162 (41911814287DBE0D-0a9608c6.1);10.150.8.59;XX001830
HD2;ASWSNA20162 (41911814287DBE0D-0a9608c6.1);10.150.8.58;XX001830
HD2-FS1KT1;ASWSNA20080 (41E714B97A085251-c0a83208.1);10.150.8.123;XS185631
HD2;ASWSNA20162 (41911814287DBE0D-0a960882.1);10.150.8.130;XX001830
HD2;ASWSNA20162 (41911814287DBE0D-0a960882.1);10.150.8.130;XX001830
HD2;ASWSNA20162 (41911814287DBE0D-0a960882.1);10.150.8.102;XX001830
HD2-FS1KT1;ASWSNA20080 (41E714B97A085251-c0a83208.1);10.150.8.184;XS185631
HD2;ASWSNA20162 (41911814287DBE0D-0a960882.1);10.150.8.102;XX001830
HD2-FS1KT1;ASWSNA20080 (41E714B97A085251-c0a83208.1);10.150.8.201;XS185631
HD2-FS1KT1;ASWSNA20080 (41E714B97A085251-c0a83208.1);10.150.8.134;XS185631
HD2;ASWSNA20162 (41911814287DBE0D-0a960882.1);10.150.8.152;XX001830
HD2;ASWSNA20162 (41911814287DBE0D-0a960882.1);10.150.8.152;XX001830
MD2;ASWSNA20160 (42B11864F17EC809-0a960888.2);10.150.8.136;XS189637
MD2;ASWSNA20160 (42B11864F17EC809-0a960888.2);10.150.8.98;XS189637
HD2-FS1KT1;ASWELC01154 (42D414BF647381B4-0ae6240c.1);10.230.36.12;XS034204
SXT;ASWELC01154 (42D414BF647381B4-0ae6240c.1);10.230.36.12;XS034204
HD2-FS1KT1;ASWSNA20080 (41E714B97A085251-c0a83208.1);10.150.8.170;XS185631
MD2;ASWSNA20160 (42B11864F17EC809-0a9608a2.3);10.150.8.162;XS189637
MD2;ASWSNA20160 (42B11864F17EC809-0a9608a2.3);10.150.8.162;XS189637
MD2;ASWSNA20146 (41D6107B258D4B59-0a9608bd.1);10.150.8.189;XS130002
MD2;ASWSNA20162 (41911814287DBE0D-0a960896.1);10.150.8.150;XX001830
MD2;ASWSNA20162 (41911814287DBE0D-0a960896.1);10.150.8.150;XX001830
HD2-FS1KT1;ASWSNA20080 (41E714B97A085251-c0a83208.1);10.150.8.89;XS185631
HD2-FS1KT1;ASWSNA20080 (41E714B97A085251-c0a83208.1);10.150.8.89;XS185631
HD2-FS1KT1;ASWSNA20080 (41E714B97A085251-c0a83208.1);10.150.8.89;XS185631
HD2-FS1KT1;ASWSNA20080 (41E714B97A085251-c0a83208.1);10.150.8.89;XS185631
SXT;ASWSNA20080 (41E714B97A085251-c0a83208.1);10.150.8.89;XS185631
HD2-FS1KT1;ASWSNA20080 (41E714B97A085251-c0a83208.1);10.150.8.89;XS185631
MD2;ASWSNA20160 (42B11864F17EC809-0a960871.4);10.150.8.113;XS189637
HD2-FS1KT1;ASWSNA20080 (41E714B97A085251-c0a83208.1);10.150.8.85;XS185631
HD2-FS1KT1;ASWELC01154 (42D414BF647381B4-0ae6240c.1);10.230.36.12;XS034204
SXT;ASWELC01154 (42D414BF647381B4-0ae6240c.1);10.230.36.12;XS034204
HD2-FS1KT1;ASWELC01154 (42D414BF647381B4-0ae6240c.1);10.230.36.12;XS034204
SXT;ASWELC01154 (42D414BF647381B4-0ae6240c.1);10.230.36.12;XS034204
MD2;ASWSNA20160 (42B11864F17EC809-0a96083d.5);10.150.8.61;XS189637
HD2;ASWSNA20162 (41911814287DBE0D-0a960841.2);10.150.8.65;XX001830
HD2-FS1KT1;ASWSNA20162 (41911814287DBE0D-0a960841.2);10.150.8.65;XX001830
HD2-FS1KT1;ASWSNA20080 (41E714B97A085251-c0a83208.1);10.150.8.85;XS185631
SXT;ASWSNA20080 (41E714B97A085251-c0a83208.1);10.150.8.85;XS185631
HD2-FS1KT1;ASWSNA20080 (41E714B97A085251-c0a83208.1);10.150.8.85;XS185631
HD2-FS1KT1;ASWSNA20080 (41E714B97A085251-c0a83208.1);10.150.8.109;XS185631
HD2-FS1KT1;ASWSNA20080 (41E714B97A085251-c0a83208.1);10.150.8.109;XS185631
HD2-FS1KT1;ASWELC01154 (42D414BF647381B4-0ae6240c.1);10.230.36.12;XS034204
SXT;ASWELC01154 (42D414BF647381B4-0ae6240c.1);10.230.36.12;XS034204
HD2-FS1KT1;ASWELC01154 (42D414BF647381B4-0ae6240c.1);10.230.36.12;XS034204
SXT;ASWELC01154 (42D414BF647381B4-0ae6240c.1);10.230.36.12;XS034204
HD2-FS1KT1;ASWELC01154 (42D414BF647381B4-0ae6240c.1);10.230.36.12;XS034204
SXT;ASWELC01154 (42D414BF647381B4-0ae6240c.1);10.230.36.12;XS034204
HD2-FS1KT1;ASWSNA20080 (41E714B97A085251-c0a83208.1);10.150.8.136;XS185631
HD2-FS1KT1;ASWSNA20080 (41E714B97A085251-c0a83208.1);10.150.8.136;XS185631
HD2-FS1KT1;ASWSNA20080 (41E714B97A085251-c0a83208.1);10.150.8.136;XS185631
HD2-FS1KT1;ASWSNA20080 (41E714B97A085251-c0a83208.1);10.150.8.136;XS185631
HD2-FS1KT1;ASWELC01154 (42D414BF647381B4-0ae6240c.1);10.230.36.12;XS034204
SXT;ASWELC01154 (42D414BF647381B4-0ae6240c.1);10.230.36.12;XS034204
HD2;ASWSNA20162 (41911814287DBE0D-0a96085c.2);10.150.8.92;XX001830
HD2-FS1KT1;ASWSNA20162 (41911814287DBE0D-0a96085c.2);10.150.8.92;XX001830
MD2;ASWSNA20162 (41911814287DBE0D-0a96085c.2);10.150.8.92;XX001830
MD2;ASWSNA20162 (41911814287DBE0D-0a96085c.2);10.150.8.92;XX001830
MD2;ASWSNA20162 (41911814287DBE0D-0a96085c.2);10.150.8.92;XX001830
MD2;ASWSNA20162 (41911814287DBE0D-0a96085c.2);10.150.8.92;XX001830
HD2-FS1KT1;ASWELC01154 (42D414BF647381B4-0ae6240c.1);10.230.36.12;XS034204
SXT;ASWELC01154 (42D414BF647381B4-0ae6240c.1);10.230.36.12;XS034204
HD2-FS1KT1;ASWELC01154 (42D414BF647381B4-0ae6240c.1);10.230.36.12;XS034204
SXT;ASWELC01154 (42D414BF647381B4-0ae6240c.1);10.230.36.12;XS034204
HD2-FS1KT1;ASWELC01154 (42D414BF647381B4-0ae6240c.1);10.230.36.12;XS034204
SXT;ASWELC01154 (42D414BF647381B4-0ae6240c.1);10.230.36.12;XS034204
HD2-FS1KT1;ASWELC01154 (42D414BF647381B4-0ae6240c.1);10.230.36.12;XS034204
SXT;ASWELC01154 (42D414BF647381B4-0ae6240c.1);10.230.36.12;XS034204
HD2-FS1KT1;ASWELC01154 (42D414BF647381B4-0ae6240c.1);10.230.36.12;XS034204
SXT;ASWELC01154 (42D414BF647381B4-0ae6240c.1);10.230.36.12;XS034204
HD2-FS1KT1;ASWELC01154 (42D414BF647381B4-0ae6240c.1);10.230.36.12;XS034204
SXT;ASWELC01154 (42D414BF647381B4-0ae6240c.1);10.230.36.12;XS034204
HD2-FS1KT1;ASWELC01154 (42D414BF647381B4-0ae6240c.1);10.230.36.12;XS034204
SXT;ASWELC01154 (42D414BF647381B4-0ae6240c.1);10.230.36.12;XS034204
HD2-FS1KT1;ASWELC01154 (42D414BF647381B4-0ae6240c.1);10.230.36.12;XS034204
SXT;ASWELC01154 (42D414BF647381B4-0ae6240c.1);10.230.36.12;XS034204
MD2;ASWSNA20162 (41911814287DBE0D-0a96083c.2);10.150.8.60;XX001830
HD2-FS1KT1;ASWSNA20080 (41E714B97A085251-c0a83208.1);10.150.8.88;XS185631
MD2;ASWSNA20162 (41911814287DBE0D-0a96083c.2);10.150.8.139;XX001830
HD2-FS1KT1;ASWSNA20080 (41E714B97A085251-c0a83208.1);10.150.8.112;XS185631
MD2;ASWSNA20162 (41911814287DBE0D-0a96083c.2);10.150.8.82;XX001830
MD2;ASWSNA20162 (41911814287DBE0D-0a96083c.2);10.150.8.98;XX001830
MD2;ASWSNA20162 (41911814287DBE0D-0a96083c.2);10.150.8.145;XX001830
MD2;ASWSNA20162 (41911814287DBE0D-0a96083c.2);10.150.8.149;XX001830
MD2;ASWSNA20162 (41911814287DBE0D-0a96083c.2);10.150.8.121;XX001830
MD2;ASWSNA20162 (41911814287DBE0D-0a96083c.2);10.150.8.144;XX001830
MD2;ASWSNA20160 (42B11864F17EC809-0a9608a7.12);10.150.8.167;XS189637
MD2;ASWSNA20162 (41911814287DBE0D-0a96083c.2);10.150.8.174;XX001830
HD2-FS1KT1;ASWSNA20080 (41E714B97A085251-c0a83208.1);10.150.8.166;XS185631
HD2-FS1KT1;ASWSNA20080 (41E714B97A085251-c0a83208.1);10.150.8.166;XS185631
HD2;ASWSNA20106 (428D18D09042518D-0a000035.1);10.150.8.104;XS046480
MD2;ASWSNA20106 (428D18D09042518D-0a000035.1);10.150.8.104;XS046480
AM2;ASWSNA12079 (41791866DA161402-0ae63f85.1);10.230.63.133;XX000689
SXT;ASWSNA12079 (41791866DA161402-0ae63f85.1);10.230.63.133;XX000689
HD2;ASWSNA20164 (425C108E79D91B5C-0a96088b.1);10.150.8.139;XS190516
MD2;ASWSNA20164 (425C108E79D91B5C-0a96088b.1);10.150.8.139;XS190516
FTA;ASWSNA20164 (425C108E79D91B5C-0a96088b.1);10.150.8.139;XS190516
HD2;ASWSNA20160 (42B11864F17EC809-0a9608a7.12);10.150.8.167;XS189637
SXT;ASWSNA20160 (42B11864F17EC809-0a9608a7.12);10.150.8.167;XS189637
SXT;ASWSNA20160 (42B11864F17EC809-0a960838.15);10.150.8.56;XS189637
MD2;ASWSNA20107 (43351481D75CFB7D-c0a800a8.1);10.150.8.60;XX000447
HD2;ASWSNA20162 (41911814287DBE0D-0a96080f.1);10.150.8.15;XX001830
HD2;ASWSNA20162 (41911814287DBE0D-0a96080f.1);10.150.8.15;XX001830
HD2;ASWSNA20145 (423B107B258D49C0-0a960837.3);10.150.8.55;XS130005
AM2;ASWSNA20107 (43351481D75CFB7D-c0a800a8.1);10.150.8.83;XX000447
HD2;ASWSNA20162 (41911814287DBE0D-0a960846.1);10.150.8.70;XX001830
HD2;ASWSNA20162 (41911814287DBE0D-0a960846.1);10.150.8.65;XX001830
HD2;ASWSNA20162 (41911814287DBE0D-0a960846.1);10.150.8.106;XX001830
HD2;ASWSNA20162 (41911814287DBE0D-0a960846.1);10.150.8.106;XX001830
HD2;ASWSNA20162 (41911814287DBE0D-0a960846.1);10.150.8.106;XX001830
AM2;ASWSNA20107 (43351481D75CFB7D-c0a800a8.1);10.150.8.83;XX000447
AM2;ASWSNA20107 (43351481D75CFB7D-c0a800a8.1);10.150.8.83;XX000447
HD2;ASWSNA20162 (41911814287DBE0D-0a960846.1);10.150.8.137;XX001830
SXT;ASWSNA20160 (42B11864F17EC809-0a96087b.4);10.150.8.123;XS189637
HD2;ASWSNA20162 (41911814287DBE0D-0a960846.1);10.150.8.137;XX001830
HD2;ASWELC21657 (41561C2C309E3F0C-0ae67de4.2);10.230.125.228;XS174083
HD2-FS1KT1;ASWELC21657 (41561C2C309E3F0C-0ae67de4.2);10.230.125.228;XS174083
MD2;ASWELC21657 (41561C2C309E3F0C-0ae67de4.2);10.230.125.228;XS174083
FTA;ASWELC21657 (41561C2C309E3F0C-0ae67de4.2);10.230.125.228;XS174083
HD2;ASWELC21657 (41561C2C309E3F0C-0ae67de4.2);10.230.125.228;XS174083
HD2-FS1KT1;ASWELC21657 (41561C2C309E3F0C-0ae67de4.2);10.230.125.228;XS174083
MD2;ASWELC21657 (41561C2C309E3F0C-0ae67de4.2);10.230.125.228;XS174083
FTA;ASWELC21657 (41561C2C309E3F0C-0ae67de4.2);10.230.125.228;XS174083
MD2;ASWSNA20145 (423B107B258D49C0-0a960887.3);10.150.8.135;XS130005
SXT;ASWSNA20160 (42B11864F17EC809-0a960837.4);10.150.8.55;XS189637
SXT;ASWSNA20107 (43351481D75CFB7D-c0a800a8.1);10.150.8.83;XX000447
HD2-FS1KT1;ASWELC01154 (42D414BF647381B4-0ae6240c.1);10.230.36.12;XS034204
HD2;ASWSNA20164 (425C108E79D91B5C-0a960861.1);10.150.8.97;XS190516
MD2;ASWSNA20164 (425C108E79D91B5C-0a960861.1);10.150.8.97;XS190516
FTA;ASWSNA20164 (425C108E79D91B5C-0a960861.1);10.150.8.97;XS190516
HD2;ASWSNA20164 (425C108E79D91B5C-0a960861.1);10.150.8.97;XS190516
MD2;ASWSNA20164 (425C108E79D91B5C-0a960861.1);10.150.8.97;XS190516
FTA;ASWSNA20164 (425C108E79D91B5C-0a960861.1);10.150.8.97;XS190516
HD2;ASWSNA20164 (425C108E79D91B5C-0a960861.1);10.150.8.97;XS190516
MD2;ASWSNA20164 (425C108E79D91B5C-0a960861.1);10.150.8.97;XS190516
FTA;ASWSNA20164 (425C108E79D91B5C-0a960861.1);10.150.8.97;XS190516
HD2-FS1KT1;ASWSNA10079 (42D9189EF33FE616-0a96086c.2);10.230.61.79;xx002708
AM2;ASWSNA20107 (43351481D75CFB7D-c0a800a8.1);10.150.8.120;XX000447
HD2;ASWSNA20145 (423B107B258D49C0-0a96086a.1);10.150.8.106;XS130005
MD2;ASWSNA20106 (428D18D09042518D-0a000035.2);10.150.8.146;XS046480
HD2;ASWSNA20145 (423B107B258D49C0-0a960877.2);10.150.8.119;XS130005
SXT;ASWELC01154 (42D414BF647381B4-0ae6240c.1);10.230.36.12;XS034204
HD2-FS1KT1;ASWELC01154 (42D414BF647381B4-0ae6240c.1);10.230.36.12;XS034204
HD2;ASWSNA20145 (423B107B258D49C0-0a960847.8);10.150.8.53;XS130005
AM2;ASWSNA20164 (425C108E79D91B5C-0a96081a.1);10.150.8.26;XS190516
MD2;ASWSNA20164 (425C108E79D91B5C-0a96081a.1);10.150.8.26;XS190516
FTA;ASWSNA20164 (425C108E79D91B5C-0a96081a.1);10.150.8.26;XS190516
HD2;ASWSNA20145 (423B107B258D49C0-0a960822.2);10.150.8.34;XS130005
HD2;ASWSNA20106 (428D18D09042518D-0a000035.1);10.150.8.199;XS046480
MD2;ASWSNA20106 (428D18D09042518D-0a000035.1);10.150.8.199;XS046480
HD2;ASWSNA20145 (423B107B258D49C0-0a960834.2);10.150.8.52;XS130005
HD2;ASWSNA20145 (423B107B258D49C0-0a960834.2);10.150.8.52;XS130005
MD2;ASWSNA20106 (428D18D09042518D-0a000035.1);10.150.8.60;XS046480
MD2;ASWSNA20106 (42A118F10E3EA6B1-0a000035.1);10.150.8.118;XS046480
AM2;ASWSNA20164 (425C108E79D91B5C-0a9608a5.1);10.150.8.165;XS190516
HD2;ASWSNA20164 (425C108E79D91B5C-0a9608a5.1);10.150.8.165;XS190516
MD2;ASWSNA20164 (425C108E79D91B5C-0a9608a5.1);10.150.8.165;XS190516
FTA;ASWSNA20164 (425C108E79D91B5C-0a9608a5.1);10.150.8.165;XS190516
HD2;ASWSNA20145 (423B107B258D49C0-0a960810.3);10.150.8.16;XS130005
HD2;ASWSNA20145 (423B107B258D49C0-0a960877.2);10.150.8.119;XS130005
SXT;ASWSNA20160 (42B11864F17EC809-0a96083b.22);10.150.8.59;XS189637
MD2;ASWSNA20160 (41981814287DC40E-0a96086a.7);10.150.8.106;XS189637
HD2;ASWSNA20145 (423B107B258D49C0-0a96088a.1);10.150.8.138;XS130005
MD2;ASWSNA20107 (43351481D75CFB7D-c0a800a8.1);10.150.8.60;XX000447
MD2;ASWSNA20107 (43351481D75CFB7D-c0a800a8.1);10.150.8.60;XX000447
HD2;ASWSNA20145 (423B107B258D49C0-0a960894.1);10.150.8.148;XS130005
HD2;ASWSNA20162 (41911814287DBE0D-0a960885.1);10.150.8.133;XX001830
HD2;ASWSNA20162 (41911814287DBE0D-0a960885.1);10.150.8.28;XX001830
HD2-FS1KT1;ASWELC01154 (42D414BF647381B4-0ae6240c.1);10.230.36.12;XS034204
SXT;ASWELC01154 (42D414BF647381B4-0ae6240c.1);10.230.36.12;XS034204
HD2;ASWSNA20161 (42591814287DC5CE-0a96084d.1);10.150.8.59;XX000546
HD2;ASWSNA20145 (423B107B258D49C0-0a9608cf.4);10.150.8.207;XS130005
HD2-FS1KT1;ASWELC01154 (42D414BF647381B4-0ae6240c.1);10.230.36.12;XS034204
SXT;ASWELC01154 (42D414BF647381B4-0ae6240c.1);10.230.36.12;XS034204
HD2;ASWSNA20145 (423B107B258D49C0-0a9608d8.5);10.150.8.216;XS130005
HD2;ASWSNA20145 (423B107B258D49C0-0a9608d8.5);10.150.8.216;XS130005
HD2;ASWSNA20145 (423B107B258D49C0-0a9608d8.5);10.150.8.216;XS130005
HD2;ASWSNA20145 (423B107B258D49C0-0a960857.1);10.150.8.87;XS130005
AM2;ASWELC21657 (427D108D6E5A2AF9-0a9600fd.6);10.150.0.253;XS174083
HD2;ASWELC21657 (427D108D6E5A2AF9-0a9600fd.6);10.150.0.253;XS174083
HD2-FS1KT1;ASWELC21657 (427D108D6E5A2AF9-0a9600fd.6);10.150.0.253;XS174083
MD2;ASWELC21657 (427D108D6E5A2AF9-0a9600fd.6);10.150.0.253;XS174083
FTA;ASWELC21657 (427D108D6E5A2AF9-0a9600fd.6);10.150.0.253;XS174083
SXT;ASWELC21657 (427D108D6E5A2AF9-0a9600fd.6);10.150.0.253;XS174083
AM2;ASWELC21657 (427D108D6E5A2AF9-0a9600fd.6);10.150.0.253;XS174083
HD2;ASWELC21657 (427D108D6E5A2AF9-0a9600fd.6);10.150.0.253;XS174083
HD2-FS1KT1;ASWELC21657 (427D108D6E5A2AF9-0a9600fd.6);10.150.0.253;XS174083
MD2;ASWELC21657 (427D108D6E5A2AF9-0a9600fd.6);10.150.0.253;XS174083
FTA;ASWELC21657 (427D108D6E5A2AF9-0a9600fd.6);10.150.0.253;XS174083
SXT;ASWELC21657 (427D108D6E5A2AF9-0a9600fd.6);10.150.0.253;XS174083
